id,name,model_id:id,group_id:id,operation,domain
access_dooprint_device_user,dooprint.device.user,model_dooprint_device,group_dooprint_user,r,
access_dooprint_device_manager,dooprint.device.manager,model_dooprint_device,group_dooprint_manager,rud,
access_dooprint_printer_user,dooprint.printer.user,model_dooprint_printer,group_dooprint_user,r,
access_dooprint_printer_manager,dooprint.printer.manager,model_dooprint_printer,group_dooprint_manager,rud,
access_dooprint_job_user,dooprint.job.user,model_dooprint_job,group_dooprint_user,r,
access_dooprint_job_manager,dooprint.job.manager,model_dooprint_job,group_dooprint_manager,crud,
access_dooprint_command_user,dooprint.command.user,model_dooprint_command,group_dooprint_user,r,
access_dooprint_command_manager,dooprint.command.manager,model_dooprint_command,group_dooprint_manager,crud,
access_dooprint_pairing_manager,dooprint.pairing.manager,model_dooprint_pairing,group_dooprint_manager,crud,
